{"cameraMode":{"drawMode":0,"name":"Shaded","section":"Shading Mode"},"sceneLighting":true,"audioPlay":false,"sceneViewState":{"m_AlwaysRefresh":false,"showFog":true,"showSkybox":true,"showFlares":true,"showImageEffects":true,"showParticleSystems":true,"showVisualEffectGraphs":true,"m_FxEnabled":true},"in2DMode":false,"pivot":{"x":10.417803764343262,"y":-7.077953338623047,"z":-3.192005157470703},"rotation":{"x":0.00042084985761903226,"y":-0.9462205767631531,"z":0.32369038462638857,"w":0.003149669151753187},"size":7.976759910583496,"orthographic":false}