{"cameraMode":{"drawMode":0,"name":"Shaded","section":"Shading Mode"},"sceneLighting":false,"audioPlay":false,"sceneViewState":{"m_AlwaysRefresh":false,"showFog":true,"showSkybox":false,"showFlares":true,"showImageEffects":true,"showParticleSystems":true,"showVisualEffectGraphs":true,"m_FxEnabled":true},"in2DMode":false,"pivot":{"x":101.88642883300781,"y":1.0099999904632569,"z":11.705574035644532},"rotation":{"x":0.49336639046669009,"y":-0.5065679550170898,"z":0.49426528811454775,"w":0.5056636333465576},"size":0.6896660923957825,"orthographic":false}