{"cameraMode":{"drawMode":0,"name":"Shaded","section":"Shading Mode"},"sceneLighting":false,"audioPlay":false,"sceneViewState":{"m_AlwaysRefresh":false,"showFog":true,"showSkybox":false,"showFlares":true,"showImageEffects":true,"showParticleSystems":true,"showVisualEffectGraphs":true,"m_FxEnabled":true},"in2DMode":false,"pivot":{"x":0.053252220153808597,"y":-0.06774525344371796,"z":-0.3017275929450989},"rotation":{"x":-0.0032398062758147718,"y":0.9952450394630432,"z":-0.03886443004012108,"w":-0.09107343852519989},"size":0.3588941991329193,"orthographic":false}